[
    {
        "genres": "Action",
        "movies": [
            {
                "director": "Christopher Nolan",
                "imdb_rating": 9,
                "length": "2h 32min",
                "poster": "https://wookie.codesubmit.io/static/posters/d6822b7b-48bb-4b78-ad5e-9ba04c517ec8.jpg",
                "title": "The Dark Knight"
            },
            {
                "director": "Steven Spielberg",
                "imdb_rating": 8.5,
                "length": "1h 55min",
                "poster": "https://wookie.codesubmit.io/static/posters/4d949e14-b08b-47fb-bab0-22c732dbedf3.jpg",
                "title": "Raiders of the Lost Ark"
            },
            {
                "imdb_rating": 8.5,
                "length": "2h 29min",
                "poster": "https://wookie.codesubmit.io/static/posters/9a70e529-9070-4a2f-963c-c5bb253cc721.jpg",
                "title": "Avengers: Infinity War"
            },
            {
                "imdb_rating": 8.5,
                "length": "1h 57min",
                "poster": "https://wookie.codesubmit.io/static/posters/f3d91837-a2ff-4250-99b0-e8c9c036a23a.jpg",
                "title": "Spider-Man: Into the Spider-Verse"
            },
            {
                "director": "Christopher Nolan",
                "imdb_rating": 8.2,
                "length": "2h 20min",
                "poster": "https://wookie.codesubmit.io/static/posters/8de5e9be-ec40-4687-9b01-be1af3ace1d7.jpg",
                "title": "Batman Begins"
            },
            {
                "director": "Steven Spielberg",
                "imdb_rating": 8.2,
                "length": "2h 7min",
                "poster": "https://wookie.codesubmit.io/static/posters/2dfccc2c-42cc-4a06-81a7-8d1da3284283.jpg",
                "title": "Indiana Jones and the Last Crusade"
            }
        ]
    },
    {
        "genres": "Adventure",
        "movies": [
            {
                "imdb_rating": 8.4,
                "length": "1h 45min",
                "poster": "https://wookie.codesubmit.io/static/posters/84b17b50-5c6b-4c00-a798-f83ddda0187d.jpg",
                "title": "Coco"
            },
            {
                "director": "Steven Spielberg",
                "imdb_rating": 8.5,
                "length": "1h 55min",
                "poster": "https://wookie.codesubmit.io/static/posters/4d949e14-b08b-47fb-bab0-22c732dbedf3.jpg",
                "title": "Raiders of the Lost Ark"
            },
            {
                "imdb_rating": 8.5,
                "length": "2h 29min",
                "poster": "https://wookie.codesubmit.io/static/posters/9a70e529-9070-4a2f-963c-c5bb253cc721.jpg",
                "title": "Avengers: Infinity War"
            },
            {
                "director": "Quentin Tarantino",
                "imdb_rating": 8.3,
                "length": "2h 33min",
                "poster": "https://wookie.codesubmit.io/static/posters/566ade1b-7fb8-41eb-8b51-f010c3a246ac.jpg",
                "title": "Inglourious Basterds"
            },
            {
                "imdb_rating": 8.5,
                "length": "1h 57min",
                "poster": "https://wookie.codesubmit.io/static/posters/f3d91837-a2ff-4250-99b0-e8c9c036a23a.jpg",
                "title": "Spider-Man: Into the Spider-Verse"
            },
            {
                "director": "Christopher Nolan",
                "imdb_rating": 8.2,
                "length": "2h 20min",
                "poster": "https://wookie.codesubmit.io/static/posters/8de5e9be-ec40-4687-9b01-be1af3ace1d7.jpg",
                "title": "Batman Begins"
            },
            {
                "director": "Steven Spielberg",
                "imdb_rating": 8.2,
                "length": "2h 7min",
                "poster": "https://wookie.codesubmit.io/static/posters/2dfccc2c-42cc-4a06-81a7-8d1da3284283.jpg",
                "title": "Indiana Jones and the Last Crusade"
            }
        ]
    },
    {
        "genres": "Animation",
        "movies": [
            {
                "imdb_rating": 8.4,
                "length": "1h 45min",
                "poster": "https://wookie.codesubmit.io/static/posters/84b17b50-5c6b-4c00-a798-f83ddda0187d.jpg",
                "title": "Coco"
            },
            {
                "imdb_rating": 8.5,
                "length": "1h 57min",
                "poster": "https://wookie.codesubmit.io/static/posters/f3d91837-a2ff-4250-99b0-e8c9c036a23a.jpg",
                "title": "Spider-Man: Into the Spider-Verse"
            }
        ]
    },
    {
        "genres": "Biography",
        "movies": [
            {
                "director": "Tom Hooper",
                "imdb_rating": 8,
                "length": "1h 58min",
                "poster": "https://wookie.codesubmit.io/static/posters/529c7379-ccfe-4003-a2ba-6c0a2ffd6704.jpg",
                "title": "The King's Speech"
            },
            {
                "director": "Steven Spielberg",
                "imdb_rating": 8.9,
                "length": "3h 15min",
                "poster": "https://wookie.codesubmit.io/static/posters/4ec83f0e-eede-4453-8f87-461525e21f6e.jpg",
                "title": "Schindler's List"
            },
            {
                "director": "Morten Tyldum",
                "imdb_rating": 8,
                "length": "1h 54min",
                "poster": "https://wookie.codesubmit.io/static/posters/b7e23588-8d87-402f-8f13-87cbf8e51812.jpg",
                "title": "The Imitation Game"
            }
        ]
    },
    {
        "genres": "Crime",
        "movies": [
            {
                "director": "Christopher Nolan",
                "imdb_rating": 9,
                "length": "2h 32min",
                "poster": "https://wookie.codesubmit.io/static/posters/d6822b7b-48bb-4b78-ad5e-9ba04c517ec8.jpg",
                "title": "The Dark Knight"
            },
            {
                "director": "Martin Scorsese",
                "imdb_rating": 8.3,
                "length": "1h 54min",
                "poster": "https://wookie.codesubmit.io/static/posters/372702a0-3e49-4bf3-812a-0c241a8c5ac9.jpg",
                "title": "Taxi Driver"
            },
            {
                "imdb_rating": 8.1,
                "length": "2h 2min",
                "poster": "https://wookie.codesubmit.io/static/posters/d8cbdc3d-c683-4a59-aae3-9a7327f0743a.jpg",
                "title": "No Country for Old Men"
            },
            {
                "director": "Quentin Tarantino",
                "imdb_rating": 8.9,
                "length": "2h 34min",
                "poster": "https://wookie.codesubmit.io/static/posters/a9d94d6e-4cab-44a9-8eec-d44ad6332b6d.jpg",
                "title": "Pulp Fiction"
            },
            {
                "director": "Stanley Kubrick",
                "imdb_rating": 8.3,
                "length": "2h 16min",
                "poster": "https://wookie.codesubmit.io/static/posters/0bf56a90-5f7b-4108-9d0b-01ad77f0a310.jpg",
                "title": "A Clockwork Orange"
            },
            {
                "director": "Brian De Palma",
                "imdb_rating": 8.3,
                "length": "2h 50min",
                "poster": "https://wookie.codesubmit.io/static/posters/be4b37a6-a8c3-476c-996f-3b9d2aaabfd5.jpg",
                "title": "Scarface"
            }
        ]
    },
    {
        "genres": "Drama",
        "movies": [
            {
                "director": "Christopher Nolan",
                "imdb_rating": 9,
                "length": "2h 32min",
                "poster": "https://wookie.codesubmit.io/static/posters/d6822b7b-48bb-4b78-ad5e-9ba04c517ec8.jpg",
                "title": "The Dark Knight"
            },
            {
                "director": "Martin Scorsese",
                "imdb_rating": 8.3,
                "length": "1h 54min",
                "poster": "https://wookie.codesubmit.io/static/posters/372702a0-3e49-4bf3-812a-0c241a8c5ac9.jpg",
                "title": "Taxi Driver"
            },
            {
                "imdb_rating": 8.1,
                "length": "2h 2min",
                "poster": "https://wookie.codesubmit.io/static/posters/d8cbdc3d-c683-4a59-aae3-9a7327f0743a.jpg",
                "title": "No Country for Old Men"
            },
            {
                "director": "Tom Hooper",
                "imdb_rating": 8,
                "length": "1h 58min",
                "poster": "https://wookie.codesubmit.io/static/posters/529c7379-ccfe-4003-a2ba-6c0a2ffd6704.jpg",
                "title": "The King's Speech"
            },
            {
                "director": "Quentin Tarantino",
                "imdb_rating": 8.9,
                "length": "2h 34min",
                "poster": "https://wookie.codesubmit.io/static/posters/a9d94d6e-4cab-44a9-8eec-d44ad6332b6d.jpg",
                "title": "Pulp Fiction"
            },
            {
                "director": "Steven Spielberg",
                "imdb_rating": 8.9,
                "length": "3h 15min",
                "poster": "https://wookie.codesubmit.io/static/posters/4ec83f0e-eede-4453-8f87-461525e21f6e.jpg",
                "title": "Schindler's List"
            },
            {
                "director": "Gus Van Sant",
                "imdb_rating": 8.3,
                "length": "2h 6min",
                "poster": "https://wookie.codesubmit.io/static/posters/554347b2-a340-4e35-b385-07e067ef302a.jpg",
                "title": "Good Will Hunting"
            },
            {
                "director": "Quentin Tarantino",
                "imdb_rating": 8.3,
                "length": "2h 33min",
                "poster": "https://wookie.codesubmit.io/static/posters/566ade1b-7fb8-41eb-8b51-f010c3a246ac.jpg",
                "title": "Inglourious Basterds"
            },
            {
                "director": "Lenny Abrahamson",
                "imdb_rating": 8.2,
                "length": "1h 58min",
                "poster": "https://wookie.codesubmit.io/static/posters/9fb4b518-b407-467d-b076-fb2d2c541593.jpg",
                "title": "Room"
            },
            {
                "director": "Florian Henckel von Donnersmarck",
                "imdb_rating": 8.4,
                "length": "2h 17min",
                "poster": "https://wookie.codesubmit.io/static/posters/95f34949-33c4-4cab-ac58-597f0db1dd57.jpg",
                "title": "The Lives of Others"
            },
            {
                "director": "Stanley Kubrick",
                "imdb_rating": 8.3,
                "length": "2h 16min",
                "poster": "https://wookie.codesubmit.io/static/posters/0bf56a90-5f7b-4108-9d0b-01ad77f0a310.jpg",
                "title": "A Clockwork Orange"
            },
            {
                "director": "M. Night Shyamalan",
                "imdb_rating": 8.1,
                "length": "1h 47min",
                "poster": "https://wookie.codesubmit.io/static/posters/57a1aec1-e950-46b0-bbb2-2897b8c5233e.jpg",
                "title": "The Sixth Sense"
            },
            {
                "director": "Morten Tyldum",
                "imdb_rating": 8,
                "length": "1h 54min",
                "poster": "https://wookie.codesubmit.io/static/posters/b7e23588-8d87-402f-8f13-87cbf8e51812.jpg",
                "title": "The Imitation Game"
            },
            {
                "director": "Brian De Palma",
                "imdb_rating": 8.3,
                "length": "2h 50min",
                "poster": "https://wookie.codesubmit.io/static/posters/be4b37a6-a8c3-476c-996f-3b9d2aaabfd5.jpg",
                "title": "Scarface"
            }
        ]
    },
    {
        "genres": "Family",
        "movies": [
            {
                "imdb_rating": 8.4,
                "length": "1h 45min",
                "poster": "https://wookie.codesubmit.io/static/posters/84b17b50-5c6b-4c00-a798-f83ddda0187d.jpg",
                "title": "Coco"
            }
        ]
    },
    {
        "genres": "History",
        "movies": [
            {
                "director": "Tom Hooper",
                "imdb_rating": 8,
                "length": "1h 58min",
                "poster": "https://wookie.codesubmit.io/static/posters/529c7379-ccfe-4003-a2ba-6c0a2ffd6704.jpg",
                "title": "The King's Speech"
            },
            {
                "director": "Steven Spielberg",
                "imdb_rating": 8.9,
                "length": "3h 15min",
                "poster": "https://wookie.codesubmit.io/static/posters/4ec83f0e-eede-4453-8f87-461525e21f6e.jpg",
                "title": "Schindler's List"
            }
        ]
    },
    {
        "genres": "Mystery",
        "movies": [
            {
                "director": "M. Night Shyamalan",
                "imdb_rating": 8.1,
                "length": "1h 47min",
                "poster": "https://wookie.codesubmit.io/static/posters/57a1aec1-e950-46b0-bbb2-2897b8c5233e.jpg",
                "title": "The Sixth Sense"
            }
        ]
    },
    {
        "genres": "Romance",
        "movies": [
            {
                "director": "Gus Van Sant",
                "imdb_rating": 8.3,
                "length": "2h 6min",
                "poster": "https://wookie.codesubmit.io/static/posters/554347b2-a340-4e35-b385-07e067ef302a.jpg",
                "title": "Good Will Hunting"
            }
        ]
    },
    {
        "genres": "Sci-Fi",
        "movies": [
            {
                "imdb_rating": 8.5,
                "length": "2h 29min",
                "poster": "https://wookie.codesubmit.io/static/posters/9a70e529-9070-4a2f-963c-c5bb253cc721.jpg",
                "title": "Avengers: Infinity War"
            },
            {
                "director": "Stanley Kubrick",
                "imdb_rating": 8.3,
                "length": "2h 16min",
                "poster": "https://wookie.codesubmit.io/static/posters/0bf56a90-5f7b-4108-9d0b-01ad77f0a310.jpg",
                "title": "A Clockwork Orange"
            }
        ]
    },
    {
        "genres": "Thriller",
        "movies": [
            {
                "imdb_rating": 8.1,
                "length": "2h 2min",
                "poster": "https://wookie.codesubmit.io/static/posters/d8cbdc3d-c683-4a59-aae3-9a7327f0743a.jpg",
                "title": "No Country for Old Men"
            },
            {
                "director": "Lenny Abrahamson",
                "imdb_rating": 8.2,
                "length": "1h 58min",
                "poster": "https://wookie.codesubmit.io/static/posters/9fb4b518-b407-467d-b076-fb2d2c541593.jpg",
                "title": "Room"
            },
            {
                "director": "Florian Henckel von Donnersmarck",
                "imdb_rating": 8.4,
                "length": "2h 17min",
                "poster": "https://wookie.codesubmit.io/static/posters/95f34949-33c4-4cab-ac58-597f0db1dd57.jpg",
                "title": "The Lives of Others"
            },
            {
                "director": "M. Night Shyamalan",
                "imdb_rating": 8.1,
                "length": "1h 47min",
                "poster": "https://wookie.codesubmit.io/static/posters/57a1aec1-e950-46b0-bbb2-2897b8c5233e.jpg",
                "title": "The Sixth Sense"
            },
            {
                "director": "Morten Tyldum",
                "imdb_rating": 8,
                "length": "1h 54min",
                "poster": "https://wookie.codesubmit.io/static/posters/b7e23588-8d87-402f-8f13-87cbf8e51812.jpg",
                "title": "The Imitation Game"
            }
        ]
    },
    {
        "genres": "War",
        "movies": [
            {
                "director": "Quentin Tarantino",
                "imdb_rating": 8.3,
                "length": "2h 33min",
                "poster": "https://wookie.codesubmit.io/static/posters/566ade1b-7fb8-41eb-8b51-f010c3a246ac.jpg",
                "title": "Inglourious Basterds"
            }
        ]
    }
]